{
  "mean_CPA": 0.12176809370708842,
  "mean_probe_acc": 0.6522185700080674,
  "mean_effective_rank": 72.96,
  "per_component": {
    "L00_MLP": {
      "CPA": 0.04255760808279141,
      "probe_acc": 0.5752650044089229,
      "effective_rank": 101
    },
    "L41_MLP": {
      "CPA": 0.03570761437077763,
      "probe_acc": 0.6933565974371964,
      "effective_rank": 101
    },
    "L32_MLP": {
      "CPA": 0.0383074233770692,
      "probe_acc": 0.6615260501679143,
      "effective_rank": 101
    },
    "L43_MLP": {
      "CPA": 0.004014663442596274,
      "probe_acc": 0.6737678467570966,
      "effective_rank": 101
    },
    "L36_MLP": {
      "CPA": 0.03779833650110904,
      "probe_acc": 0.6768559689311645,
      "effective_rank": 101
    },
    "L22_MLP": {
      "CPA": 0.033636038159584374,
      "probe_acc": 0.665223916999681,
      "effective_rank": 101
    },
    "L42_MLP": {
      "CPA": 0.0328257684951111,
      "probe_acc": 0.6817376784675709,
      "effective_rank": 101
    },
    "L27_MLP": {
      "CPA": 0.04976926101845357,
      "probe_acc": 0.6780792105213785,
      "effective_rank": 101
    },
    "L45_MLP": {
      "CPA": 0.012488209437636549,
      "probe_acc": 0.6701056265360876,
      "effective_rank": 66
    },
    "L37_MLP": {
      "CPA": 0.042582227262224576,
      "probe_acc": 0.6854299168871127,
      "effective_rank": 101
    },
    "L33_MLP": {
      "CPA": 0.040875085617550905,
      "probe_acc": 0.6651957749385565,
      "effective_rank": 101
    },
    "L46_MLP": {
      "CPA": 0.03039703184406315,
      "probe_acc": 0.6554323558657436,
      "effective_rank": 101
    },
    "L23_MLP": {
      "CPA": 0.05960328506666803,
      "probe_acc": 0.6578938481454382,
      "effective_rank": 101
    },
    "L30_MLP": {
      "CPA": 0.01889596197456426,
      "probe_acc": 0.6841710286861409,
      "effective_rank": 101
    },
    "L35_MLP": {
      "CPA": 0.030847010344363383,
      "probe_acc": 0.6597193298437178,
      "effective_rank": 101
    },
    "L39_MLP": {
      "CPA": 0.0328891052504974,
      "probe_acc": 0.6756008330050094,
      "effective_rank": 101
    },
    "L21_MLP": {
      "CPA": 0.03945321268006888,
      "probe_acc": 0.6627793099566612,
      "effective_rank": 101
    },
    "L29_MLP": {
      "CPA": 0.06724486591743196,
      "probe_acc": 0.6756327273409504,
      "effective_rank": 101
    },
    "L34_MLP": {
      "CPA": 0.04552323875475508,
      "probe_acc": 0.6670400180109191,
      "effective_rank": 101
    },
    "L28_MLP": {
      "CPA": 0.04160278598504133,
      "probe_acc": 0.6658299093825631,
      "effective_rank": 101
    },
    "L23H03": {
      "CPA": 0.37460639929055883,
      "probe_acc": 0.7068103787921427,
      "effective_rank": 30
    },
    "L31_MLP": {
      "CPA": 0.026301467461759247,
      "probe_acc": 0.6664640438265699,
      "effective_rank": 101
    },
    "L26H09": {
      "CPA": 0.2530583356738781,
      "probe_acc": 0.7037691600532824,
      "effective_rank": 25
    },
    "L01_MLP": {
      "CPA": 0.042832411854428126,
      "probe_acc": 0.548950301120054,
      "effective_rank": 101
    },
    "L26_MLP": {
      "CPA": 0.06211291696992304,
      "probe_acc": 0.6584716984671957,
      "effective_rank": 101
    },
    "L20_MLP": {
      "CPA": 0.03928932368020818,
      "probe_acc": 0.6639875424476089,
      "effective_rank": 101
    },
    "L28H13": {
      "CPA": 0.19409111813108754,
      "probe_acc": 0.7055983940263785,
      "effective_rank": 28
    },
    "L24H24": {
      "CPA": 0.3374224182661084,
      "probe_acc": 0.7019418022175944,
      "effective_rank": 33
    },
    "L22H05": {
      "CPA": 0.24797878270326365,
      "probe_acc": 0.6848051631301477,
      "effective_rank": 33
    },
    "L27H16": {
      "CPA": 0.09218362582196118,
      "probe_acc": 0.616241721543686,
      "effective_rank": 35
    },
    "L11_MLP": {
      "CPA": 0.05744885528058893,
      "probe_acc": 0.5740098684827677,
      "effective_rank": 101
    },
    "L19_MLP": {
      "CPA": 0.031969951579357246,
      "probe_acc": 0.6597193298437178,
      "effective_rank": 101
    },
    "L28H08": {
      "CPA": 0.46945853658706893,
      "probe_acc": 0.6713344965385264,
      "effective_rank": 36
    },
    "L07_MLP": {
      "CPA": 0.051401861917243136,
      "probe_acc": 0.5746533836138158,
      "effective_rank": 101
    },
    "L44_MLP": {
      "CPA": 0.01184711088337816,
      "probe_acc": 0.6652145363126396,
      "effective_rank": 101
    },
    "L10_MLP": {
      "CPA": 0.03122088449440527,
      "probe_acc": 0.547721431117615,
      "effective_rank": 101
    },
    "L34H22": {
      "CPA": 0.33015278005850823,
      "probe_acc": 0.6211515731412168,
      "effective_rank": 35
    },
    "L33H15": {
      "CPA": 0.14795737682211346,
      "probe_acc": 0.6860340331325866,
      "effective_rank": 34
    },
    "L14H21": {
      "CPA": 0.2023516773294308,
      "probe_acc": 0.6278981632614773,
      "effective_rank": 34
    },
    "L47H00": {
      "CPA": 0.0007645104617044762,
      "probe_acc": 0.6101592840659651,
      "effective_rank": 2
    },
    "L33H09": {
      "CPA": 0.009457496688186816,
      "probe_acc": 0.6266580364345884,
      "effective_rank": 31
    },
    "L39H08": {
      "CPA": 0.10331508895712686,
      "probe_acc": 0.6236074370086866,
      "effective_rank": 26
    },
    "L42H20": {
      "CPA": 0.413919618380888,
      "probe_acc": 0.6364571021181591,
      "effective_rank": 38
    },
    "L26H06": {
      "CPA": 0.47351483321068755,
      "probe_acc": 0.6352075946042288,
      "effective_rank": 33
    },
    "L27H06": {
      "CPA": 0.2598527333672104,
      "probe_acc": 0.6529858726853154,
      "effective_rank": 12
    },
    "L13_MLP": {
      "CPA": 0.06356634491929102,
      "probe_acc": 0.5911558882572561,
      "effective_rank": 101
    },
    "L33H05": {
      "CPA": 0.5272258148215226,
      "probe_acc": 0.6799009399448415,
      "effective_rank": 27
    },
    "L32H21": {
      "CPA": 0.3848515296134908,
      "probe_acc": 0.6719461173336334,
      "effective_rank": 30
    },
    "L30H07": {
      "CPA": 0.08938552284840737,
      "probe_acc": 0.6168777321251009,
      "effective_rank": 30
    },
    "L18_MLP": {
      "CPA": 0.021846623698276463,
      "probe_acc": 0.6505525224667454,
      "effective_rank": 101
    }
  }
}