{
  "mean_CRR": -0.008935855401885276,
  "pct_above_0.7": 0.6599999999999999,
  "per_component": {
    "L00_MLP": {
      "mean_CRR": -0.3796414606586673,
      "std_CRR": 3.7755771524415658,
      "pct_above_0.7": 0.0
    },
    "L41_MLP": {
      "mean_CRR": -0.006156234884624448,
      "std_CRR": 0.06202029460031728,
      "pct_above_0.7": 0.0
    },
    "L32_MLP": {
      "mean_CRR": -0.010565654572153678,
      "std_CRR": 0.14311758333773433,
      "pct_above_0.7": 0.0
    },
    "L43_MLP": {
      "mean_CRR": 0.0009103286921372904,
      "std_CRR": 0.2631166758965532,
      "pct_above_0.7": 0.01
    },
    "L36_MLP": {
      "mean_CRR": 0.0418824891602414,
      "std_CRR": 0.33533207998827025,
      "pct_above_0.7": 0.01
    },
    "L22_MLP": {
      "mean_CRR": 0.03178005305467186,
      "std_CRR": 0.23590128547264338,
      "pct_above_0.7": 0.01
    },
    "L42_MLP": {
      "mean_CRR": 0.01751490356598368,
      "std_CRR": 0.14848420285620545,
      "pct_above_0.7": 0.01
    },
    "L27_MLP": {
      "mean_CRR": 0.1356149651667182,
      "std_CRR": 1.3214109941623948,
      "pct_above_0.7": 0.01
    },
    "L45_MLP": {
      "mean_CRR": -0.06453085516940686,
      "std_CRR": 0.35210388460275266,
      "pct_above_0.7": 0.02
    },
    "L37_MLP": {
      "mean_CRR": 0.05205533219579421,
      "std_CRR": 0.48660181995834856,
      "pct_above_0.7": 0.01
    },
    "L33_MLP": {
      "mean_CRR": -0.03368190645724556,
      "std_CRR": 0.2884376733723151,
      "pct_above_0.7": 0.0
    },
    "L46_MLP": {
      "mean_CRR": -0.13537010159053842,
      "std_CRR": 0.8544936363740865,
      "pct_above_0.7": 0.06
    },
    "L23_MLP": {
      "mean_CRR": -0.01110893399295449,
      "std_CRR": 0.17804305320400562,
      "pct_above_0.7": 0.0
    },
    "L30_MLP": {
      "mean_CRR": 0.009234470656371858,
      "std_CRR": 0.10115472800874,
      "pct_above_0.7": 0.01
    },
    "L35_MLP": {
      "mean_CRR": -0.01751287277737564,
      "std_CRR": 0.13617824405510895,
      "pct_above_0.7": 0.0
    },
    "L39_MLP": {
      "mean_CRR": 0.06766720552533571,
      "std_CRR": 0.6851698736124553,
      "pct_above_0.7": 0.01
    },
    "L21_MLP": {
      "mean_CRR": 0.032511618661615255,
      "std_CRR": 0.29533641569451546,
      "pct_above_0.7": 0.01
    },
    "L29_MLP": {
      "mean_CRR": -0.02454242085477254,
      "std_CRR": 0.2708639979317212,
      "pct_above_0.7": 0.0
    },
    "L34_MLP": {
      "mean_CRR": -0.05225295924224076,
      "std_CRR": 0.5039756246888352,
      "pct_above_0.7": 0.0
    },
    "L28_MLP": {
      "mean_CRR": -0.0248826746923781,
      "std_CRR": 0.2525012922062126,
      "pct_above_0.7": 0.0
    },
    "L23H03": {
      "mean_CRR": 0.011077502239543284,
      "std_CRR": 0.047995122943074606,
      "pct_above_0.7": 0.0
    },
    "L31_MLP": {
      "mean_CRR": -0.016864624024144147,
      "std_CRR": 0.10594168156376212,
      "pct_above_0.7": 0.0
    },
    "L26H09": {
      "mean_CRR": -0.01840552312181496,
      "std_CRR": 0.31544362367838286,
      "pct_above_0.7": 0.01
    },
    "L01_MLP": {
      "mean_CRR": -0.018621133585826025,
      "std_CRR": 0.26905657352438983,
      "pct_above_0.7": 0.0
    },
    "L26_MLP": {
      "mean_CRR": 0.030650918113595174,
      "std_CRR": 0.30055979753432455,
      "pct_above_0.7": 0.01
    },
    "L20_MLP": {
      "mean_CRR": 0.04055881620951883,
      "std_CRR": 0.3681199493951753,
      "pct_above_0.7": 0.01
    },
    "L28H13": {
      "mean_CRR": 0.0007643422793239519,
      "std_CRR": 0.10869684314083283,
      "pct_above_0.7": 0.0
    },
    "L24H24": {
      "mean_CRR": -0.0076158961562545705,
      "std_CRR": 0.04327550574036629,
      "pct_above_0.7": 0.0
    },
    "L22H05": {
      "mean_CRR": -0.003960277906591825,
      "std_CRR": 0.0445802763791596,
      "pct_above_0.7": 0.0
    },
    "L27H16": {
      "mean_CRR": 0.00474042828729773,
      "std_CRR": 0.1223613689823768,
      "pct_above_0.7": 0.01
    },
    "L11_MLP": {
      "mean_CRR": -0.026441061066627077,
      "std_CRR": 0.2184717967164288,
      "pct_above_0.7": 0.0
    },
    "L19_MLP": {
      "mean_CRR": 0.07559378882912654,
      "std_CRR": 0.7872605977901916,
      "pct_above_0.7": 0.01
    },
    "L28H08": {
      "mean_CRR": -0.00930925765383845,
      "std_CRR": 0.07347466024475911,
      "pct_above_0.7": 0.0
    },
    "L07_MLP": {
      "mean_CRR": 0.004583498062568639,
      "std_CRR": 0.04572696598793965,
      "pct_above_0.7": 0.0
    },
    "L44_MLP": {
      "mean_CRR": -0.02928504093258173,
      "std_CRR": 0.24249067734815183,
      "pct_above_0.7": 0.01
    },
    "L10_MLP": {
      "mean_CRR": -0.042571678175714917,
      "std_CRR": 0.4358092006523368,
      "pct_above_0.7": 0.0
    },
    "L34H22": {
      "mean_CRR": -0.004206238321445188,
      "std_CRR": 0.043741095334294745,
      "pct_above_0.7": 0.0
    },
    "L33H15": {
      "mean_CRR": -0.008354515083529149,
      "std_CRR": 0.22831585270950353,
      "pct_above_0.7": 0.01
    },
    "L14H21": {
      "mean_CRR": -0.01525339114883837,
      "std_CRR": 0.1380117742875568,
      "pct_above_0.7": 0.0
    },
    "L47H00": {
      "mean_CRR": 0.005595943374771687,
      "std_CRR": 1.0118094426972222,
      "pct_above_0.7": 0.04
    },
    "L33H09": {
      "mean_CRR": -0.018243775055789033,
      "std_CRR": 0.052088766531374876,
      "pct_above_0.7": 0.0
    },
    "L39H08": {
      "mean_CRR": 0.007580283105946252,
      "std_CRR": 0.48984981530863486,
      "pct_above_0.7": 0.02
    },
    "L42H20": {
      "mean_CRR": 0.000564263935730028,
      "std_CRR": 0.01546289540893866,
      "pct_above_0.7": 0.0
    },
    "L26H06": {
      "mean_CRR": -0.009055809041539966,
      "std_CRR": 0.08068611966240409,
      "pct_above_0.7": 0.0
    },
    "L27H06": {
      "mean_CRR": 0.0001199411111975561,
      "std_CRR": 0.033509104945807264,
      "pct_above_0.7": 0.0
    },
    "L13_MLP": {
      "mean_CRR": 0.007604353249793544,
      "std_CRR": 0.08939317771885426,
      "pct_above_0.7": 0.01
    },
    "L33H05": {
      "mean_CRR": 0.005793579826671634,
      "std_CRR": 0.11867682990463865,
      "pct_above_0.7": 0.0
    },
    "L32H21": {
      "mean_CRR": 0.009951837694088538,
      "std_CRR": 0.27497647446939316,
      "pct_above_0.7": 0.01
    },
    "L30H07": {
      "mean_CRR": 0.004946401288312614,
      "std_CRR": 0.15223385616951884,
      "pct_above_0.7": 0.01
    },
    "L18_MLP": {
      "mean_CRR": -0.05765573821372617,
      "std_CRR": 0.5390422768009574,
      "pct_above_0.7": 0.0
    }
  }
}